INSERT INTO sidedish.food_type (id, name, description) VALUES (1, '메인 반찬', '담기만 하면 완성되는 메인반찬');
INSERT INTO sidedish.food_type (id, name, description) VALUES (2, '국·찌개', '김이 모락모락 국, 찌개');
INSERT INTO sidedish.food_type (id, name, description) VALUES (3, '밑반찬', '언제 먹어도 든든한 반찬');

INSERT INTO category(id, name) VALUES ('17011200', '할인특가세트상품');
INSERT INTO category(id, name) VALUES ('17011000', '풍성한고기반찬');
INSERT INTO category(id, name) VALUES ('17010200', '편리한반찬세트');
INSERT INTO category(id, name) VALUES ('17010330', '간편한 덮밥요리');
INSERT INTO category(id, name) VALUES ('17011400', '우리아이영양반찬');

INSERT INTO delivery_type(id, name) VALUES (1, '새벽배송');
INSERT INTO delivery_type(id, name) VALUES (2, '전국택배');

INSERT INTO badge(id, name, color) VALUES (1, '백코특가', '#4590f4');
INSERT INTO badge(id, name, color) VALUES (2, '디온특가', '#d71555');
INSERT INTO badge(id, name, color) VALUES (3, '솔라특가', '#f56800');
INSERT INTO badge(id, name, color) VALUES (4, '강운특가', '#000000');

INSERT INTO sidedish.badge_side_dish (id, side_dish, badge) VALUES (1, 1, 1);
INSERT INTO sidedish.badge_side_dish (id, side_dish, badge) VALUES (2, 1, 2);
INSERT INTO sidedish.badge_side_dish (id, side_dish, badge) VALUES (3, 1, 3);
INSERT INTO sidedish.badge_side_dish (id, side_dish, badge) VALUES (4, 3, 2);
INSERT INTO sidedish.badge_side_dish (id, side_dish, badge) VALUES (5, 3, 3);
INSERT INTO sidedish.badge_side_dish (id, side_dish, badge) VALUES (6, 4, 4);
INSERT INTO sidedish.badge_side_dish (id, side_dish, badge) VALUES (7, 5, 1);
INSERT INTO sidedish.badge_side_dish (id, side_dish, badge) VALUES (8, 6, 2);
INSERT INTO sidedish.badge_side_dish (id, side_dish, badge) VALUES (9, 7, 3);
INSERT INTO sidedish.badge_side_dish (id, side_dish, badge) VALUES (10, 8, 4);
INSERT INTO sidedish.badge_side_dish (id, side_dish, badge) VALUES (11, 9, 1);
INSERT INTO sidedish.badge_side_dish (id, side_dish, badge) VALUES (12, 11, 3);
INSERT INTO sidedish.badge_side_dish (id, side_dish, badge) VALUES (13, 12, 2);
INSERT INTO sidedish.badge_side_dish (id, side_dish, badge) VALUES (14, 12, 3);
INSERT INTO sidedish.badge_side_dish (id, side_dish, badge) VALUES (15, 12, 4);
INSERT INTO sidedish.badge_side_dish (id, side_dish, badge) VALUES (16, 13, 1);
INSERT INTO sidedish.badge_side_dish (id, side_dish, badge) VALUES (17, 13, 2);
INSERT INTO sidedish.badge_side_dish (id, side_dish, badge) VALUES (18, 13, 3);
INSERT INTO sidedish.badge_side_dish (id, side_dish, badge) VALUES (19, 14, 2);
INSERT INTO sidedish.badge_side_dish (id, side_dish, badge) VALUES (20, 15, 2);
INSERT INTO sidedish.badge_side_dish (id, side_dish, badge) VALUES (21, 15, 3);
INSERT INTO sidedish.badge_side_dish (id, side_dish, badge) VALUES (22, 16, 3);
INSERT INTO sidedish.badge_side_dish (id, side_dish, badge) VALUES (23, 16, 4);
INSERT INTO sidedish.badge_side_dish (id, side_dish, badge) VALUES (24, 17, 1);
INSERT INTO sidedish.badge_side_dish (id, side_dish, badge) VALUES (25, 18, 2);
INSERT INTO sidedish.badge_side_dish (id, side_dish, badge) VALUES (26, 18, 3);
INSERT INTO sidedish.badge_side_dish (id, side_dish, badge) VALUES (27, 19, 2);
INSERT INTO sidedish.badge_side_dish (id, side_dish, badge) VALUES (28, 19, 3);
INSERT INTO sidedish.badge_side_dish (id, side_dish, badge) VALUES (29, 20, 4);
INSERT INTO sidedish.badge_side_dish (id, side_dish, badge) VALUES (30, 21, 1);
INSERT INTO sidedish.badge_side_dish (id, side_dish, badge) VALUES (31, 22, 2);
INSERT INTO sidedish.badge_side_dish (id, side_dish, badge) VALUES (32, 22, 3);
INSERT INTO sidedish.badge_side_dish (id, side_dish, badge) VALUES (33, 23, 3);
INSERT INTO sidedish.badge_side_dish (id, side_dish, badge) VALUES (34, 24, 4);

INSERT INTO sidedish.category_side_dish (id, side_dish, category) VALUES (1, 1, 17010330);
INSERT INTO sidedish.category_side_dish (id, side_dish, category) VALUES (2, 2, 17011000);
INSERT INTO sidedish.category_side_dish (id, side_dish, category) VALUES (3, 2, 17011400);
INSERT INTO sidedish.category_side_dish (id, side_dish, category) VALUES (4, 3, 17010200);
INSERT INTO sidedish.category_side_dish (id, side_dish, category) VALUES (5, 4, 17010200);
INSERT INTO sidedish.category_side_dish (id, side_dish, category) VALUES (6, 4, 17011200);
INSERT INTO sidedish.category_side_dish (id, side_dish, category) VALUES (7, 4, 17011400);
INSERT INTO sidedish.category_side_dish (id, side_dish, category) VALUES (8, 5, 17011200);
INSERT INTO sidedish.category_side_dish (id, side_dish, category) VALUES (9, 5, 17011400);
INSERT INTO sidedish.category_side_dish (id, side_dish, category) VALUES (10, 7, 17010200);
INSERT INTO sidedish.category_side_dish (id, side_dish, category) VALUES (11, 8, 17010200);
INSERT INTO sidedish.category_side_dish (id, side_dish, category) VALUES (12, 10, 17011400);
INSERT INTO sidedish.category_side_dish (id, side_dish, category) VALUES (13, 16, 17011400);
INSERT INTO sidedish.category_side_dish (id, side_dish, category) VALUES (14, 17, 17010200);
INSERT INTO sidedish.category_side_dish (id, side_dish, category) VALUES (15, 17, 17011200);
INSERT INTO sidedish.category_side_dish (id, side_dish, category) VALUES (16, 17, 17011400);
INSERT INTO sidedish.category_side_dish (id, side_dish, category) VALUES (17, 18, 17010200);
INSERT INTO sidedish.category_side_dish (id, side_dish, category) VALUES (18, 18, 17011000);
INSERT INTO sidedish.category_side_dish (id, side_dish, category) VALUES (19, 18, 17011400);
INSERT INTO sidedish.category_side_dish (id, side_dish, category) VALUES (20, 19, 17010200);
INSERT INTO sidedish.category_side_dish (id, side_dish, category) VALUES (21, 19, 17011400);
INSERT INTO sidedish.category_side_dish (id, side_dish, category) VALUES (22, 20, 17010200);
INSERT INTO sidedish.category_side_dish (id, side_dish, category) VALUES (23, 20, 17011400);
INSERT INTO sidedish.category_side_dish (id, side_dish, category) VALUES (24, 21, 17010200);
INSERT INTO sidedish.category_side_dish (id, side_dish, category) VALUES (25, 22, 17011400);
INSERT INTO sidedish.category_side_dish (id, side_dish, category) VALUES (26, 23, 17011200);
INSERT INTO sidedish.category_side_dish (id, side_dish, category) VALUES (27, 24, 17011200);

INSERT INTO sidedish.delivery_type_side_dish (id, side_dish, delivery_type) VALUES (1, 1, 1);
INSERT INTO sidedish.delivery_type_side_dish (id, side_dish, delivery_type) VALUES (2, 2, 2);
INSERT INTO sidedish.delivery_type_side_dish (id, side_dish, delivery_type) VALUES (3, 3, 1);
INSERT INTO sidedish.delivery_type_side_dish (id, side_dish, delivery_type) VALUES (4, 3, 2);
INSERT INTO sidedish.delivery_type_side_dish (id, side_dish, delivery_type) VALUES (5, 4, 1);
INSERT INTO sidedish.delivery_type_side_dish (id, side_dish, delivery_type) VALUES (6, 4, 2);
INSERT INTO sidedish.delivery_type_side_dish (id, side_dish, delivery_type) VALUES (7, 5, 2);
INSERT INTO sidedish.delivery_type_side_dish (id, side_dish, delivery_type) VALUES (8, 6, 2);
INSERT INTO sidedish.delivery_type_side_dish (id, side_dish, delivery_type) VALUES (9, 7, 1);
INSERT INTO sidedish.delivery_type_side_dish (id, side_dish, delivery_type) VALUES (10, 7, 2);
INSERT INTO sidedish.delivery_type_side_dish (id, side_dish, delivery_type) VALUES (11, 8, 1);
INSERT INTO sidedish.delivery_type_side_dish (id, side_dish, delivery_type) VALUES (12, 9, 1);
INSERT INTO sidedish.delivery_type_side_dish (id, side_dish, delivery_type) VALUES (13, 10, 1);
INSERT INTO sidedish.delivery_type_side_dish (id, side_dish, delivery_type) VALUES (14, 11, 2);
INSERT INTO sidedish.delivery_type_side_dish (id, side_dish, delivery_type) VALUES (15, 12, 1);
INSERT INTO sidedish.delivery_type_side_dish (id, side_dish, delivery_type) VALUES (16, 12, 2);
INSERT INTO sidedish.delivery_type_side_dish (id, side_dish, delivery_type) VALUES (17, 13, 1);
INSERT INTO sidedish.delivery_type_side_dish (id, side_dish, delivery_type) VALUES (18, 13, 2);
INSERT INTO sidedish.delivery_type_side_dish (id, side_dish, delivery_type) VALUES (19, 14, 1);
INSERT INTO sidedish.delivery_type_side_dish (id, side_dish, delivery_type) VALUES (20, 14, 2);
INSERT INTO sidedish.delivery_type_side_dish (id, side_dish, delivery_type) VALUES (21, 15, 1);
INSERT INTO sidedish.delivery_type_side_dish (id, side_dish, delivery_type) VALUES (22, 16, 2);
INSERT INTO sidedish.delivery_type_side_dish (id, side_dish, delivery_type) VALUES (23, 17, 1);
INSERT INTO sidedish.delivery_type_side_dish (id, side_dish, delivery_type) VALUES (24, 18, 1);
INSERT INTO sidedish.delivery_type_side_dish (id, side_dish, delivery_type) VALUES (25, 19, 1);
INSERT INTO sidedish.delivery_type_side_dish (id, side_dish, delivery_type) VALUES (26, 19, 2);
INSERT INTO sidedish.delivery_type_side_dish (id, side_dish, delivery_type) VALUES (27, 20, 2);
INSERT INTO sidedish.delivery_type_side_dish (id, side_dish, delivery_type) VALUES (28, 21, 1);
INSERT INTO sidedish.delivery_type_side_dish (id, side_dish, delivery_type) VALUES (29, 22, 2);
INSERT INTO sidedish.delivery_type_side_dish (id, side_dish, delivery_type) VALUES (30, 23, 1);
INSERT INTO sidedish.delivery_type_side_dish (id, side_dish, delivery_type) VALUES (31, 23, 2);
INSERT INTO sidedish.delivery_type_side_dish (id, side_dish, delivery_type) VALUES (32, 24, 1);
INSERT INTO sidedish.delivery_type_side_dish (id, side_dish, delivery_type) VALUES (33, 24, 2);
